intersect_bp,f_orig_query,f_match,f_unique_to_query,f_unique_weighted,average_abund,median_abund,std_abund,filename,name,md5,f_match_orig,unique_intersect_bp,gather_result_rank,remaining_bp,query_filename,query_name,query_md5,query_bp,ksize,moltype,scaled,query_n_hashes,query_abundance,query_containment_ani,match_containment_ani,average_containment_ani,max_containment_ani,potential_false_negative,n_unique_weighted_found,sum_weighted_found,total_weighted_hashes,lineage
8980000,0.02121677495569994,0.9760869565217392,0.02121677495569994,0.00818081976543774,6.8184855233853,6.0,4.428523302611448,/group/ctbrowngrp/sourmash-db/gtdb-rs214/gtdb-rs214-k31.zip,"GCF_000013645.1 Paraburkholderia xenovorans LB400 strain=LB400, ASM1364v1",ee9cb05018009af43429e83e7d502a0a,0.9760869565217392,8980000,0,195740000,outputs.paper/trim/SRR606249.trim.fq.gz,SRR606249,d3203dba,423250000,31,DNA,10000,42325,True,0.8831244630927695,0.9992195433683515,0.9411720032305605,0.9992195433683515,False,6123,6123,748458,d__Bacteria;p__Pseudomonadota;c__Gammaproteobacteria;o__Burkholderiales;f__Burkholderiaceae;g__Paraburkholderia;s__Paraburkholderia xenovorans
7870000,0.01859421145894861,0.998730964467005,0.01859421145894861,0.026416979977500407,25.123252858958068,17.0,27.388007941425656,/group/ctbrowngrp/sourmash-db/gtdb-rs214/gtdb-rs214-k31.zip,"GCF_000009705.1 Nostoc sp. PCC 7120 = FACHB-418 strain=PCC 7120, ASM970v1",264cfdad44548ad96c4a24b6a514a877,0.998730964467005,7870000,1,187870000,outputs.paper/trim/SRR606249.trim.fq.gz,SRR606249,d3203dba,423250000,31,DNA,10000,42325,True,0.8793737072043619,0.9999590382118448,0.9396663727081034,0.9999590382118448,False,19772,25895,748458,d__Bacteria;p__Cyanobacteriota;c__Cyanobacteriia;o__Cyanobacteriales;f__Nostocaceae;g__Trichormus;s__Trichormus sp000009705
6830000,0.0161370348493798,1.0,0.0161370348493798,0.0858859147741089,94.11713030746705,92.0,25.156046796886606,/group/ctbrowngrp/sourmash-db/gtdb-rs214/gtdb-rs214-k31.zip,"GCF_000196115.1 Rhodopirellula baltica SH 1 strain=1, ASM19611v1",7141c3fbf206734950d13cadba0bf46c,1.0,6830000,2,181040000,outputs.paper/trim/SRR606249.trim.fq.gz,SRR606249,d3203dba,423250000,31,DNA,10000,42325,True,0.8753623482618084,1.0,0.9376811741309041,1.0,False,64282,90177,748458,d__Bacteria;p__Planctomycetota;c__Planctomycetia;o__Pirellulales;f__Pirellulaceae;g__Rhodopirellula;s__Rhodopirellula baltica
6300000,0.014884819846426462,1.0,0.014884819846426462,0.013561215191767607,16.11111111111111,15.0,6.753743491307948,/group/ctbrowngrp/sourmash-db/gtdb-rs214/gtdb-rs214-k31.zip,"GCA_000018565.1 Herpetosiphon aurantiacus DSM 785, ASM1856v1",5165e0f27ae96c8a78da00c2d30a8e36,1.0,6300000,3,174740000,outputs.paper/trim/SRR606249.trim.fq.gz,SRR606249,d3203dba,423250000,31,DNA,10000,42325,True,0.8730844324703663,1.0,0.9365422162351831,1.0,False,10150,100327,748458,d__Bacteria;p__Chloroflexota;c__Chloroflexia;o__Chloroflexales;f__Herpetosiphonaceae;g__Herpetosiphon;s__Herpetosiphon aurantiacus
6160000,0.014554046072061429,0.9983792544570502,0.014554046072061429,0.014561939347298044,17.693181818181817,17.0,11.807919651632531,/group/ctbrowngrp/sourmash-db/gtdb-rs214/gtdb-rs214-k31.zip,"GCF_000011065.1 Bacteroides thetaiotaomicron VPI-5482 strain=VPI-5482, ASM1106v1",df098e390010d8add7b59e4ff0574d30,0.9983792544570502,6160000,4,168580000,outputs.paper/trim/SRR606249.trim.fq.gz,SRR606249,d3203dba,423250000,31,DNA,10000,42325,True,0.8724517360029348,0.9999476768407795,0.9361997064218571,0.9999476768407795,False,10899,111226,748458,d__Bacteria;p__Bacteroidota;c__Bacteroidia;o__Bacteroidales;f__Bacteroidaceae;g__Bacteroides;s__Bacteroides thetaiotaomicron
5470000,0.012923803898405199,0.9945454545454545,0.012923803898405199,0.008656464357385452,11.844606946983546,10.0,12.85254522702031,/group/ctbrowngrp/sourmash-db/gtdb-rs214/gtdb-rs214-k31.zip,"GCF_000021665.1 Shewanella baltica OS223 strain=OS223, ASM2166v1",38729c6374925585db28916b82a6f513,0.9945454545454545,5470000,5,163110000,outputs.paper/trim/SRR606249.trim.fq.gz,SRR606249,d3203dba,423250000,31,DNA,10000,42325,True,0.869114725681942,0.9998235808603149,0.9344691532711284,0.9998235808603149,False,6479,117705,748458,d__Bacteria;p__Pseudomonadota;c__Gammaproteobacteria;o__Enterobacterales_A;f__Shewanellaceae;g__Shewanella;s__Shewanella baltica
5320000,0.012569403425871234,0.9708029197080292,0.012569403425871234,0.00788554601594211,11.093984962406015,10.0,7.33865304268957,/group/ctbrowngrp/sourmash-db/gtdb-rs214/gtdb-rs214-k31.zip,"GCF_000195675.1 Bordetella bronchiseptica RB50 strain=RB50, ASM19567v1",4d260a2e768d27ef2e2ec65bc61f4a57,0.9708029197080292,5320000,6,157790000,outputs.paper/trim/SRR606249.trim.fq.gz,SRR606249,d3203dba,423250000,31,DNA,10000,42325,True,0.8683355265692565,0.9990445922539738,0.9336900594116151,0.9990445922539738,False,5902,123607,748458,d__Bacteria;p__Pseudomonadota;c__Gammaproteobacteria;o__Burkholderiales;f__Burkholderiaceae_C;g__Bordetella;s__Bordetella pertussis
5290000,0.012498523331364442,1.0,0.012498523331364442,0.009666541075117108,13.676748582230625,13.0,6.497887399533478,/group/ctbrowngrp/sourmash-db/gtdb-rs214/gtdb-rs214-k31.zip,"GCF_000007345.1 Methanosarcina acetivorans C2A strain=C2A, ASM734v1",56bdd31d168788f6b31dcd0751089a62,1.0,5290000,7,152500000,outputs.paper/trim/SRR606249.trim.fq.gz,SRR606249,d3203dba,423250000,31,DNA,10000,42325,True,0.8681771381996986,1.0,0.9340885690998493,1.0,False,7235,130842,748458,d__Archaea;p__Halobacteriota;c__Methanosarcinia;o__Methanosarcinales;f__Methanosarcinaceae;g__Methanosarcina;s__Methanosarcina acetivorans
5230000,0.012356763142350857,1.0,0.012356763142350857,0.017666989998102765,25.282982791587,25.0,7.965283005591735,/group/ctbrowngrp/sourmash-db/gtdb-rs214/gtdb-rs214-k31.zip,"GCF_000018865.1 Chloroflexus aurantiacus J-10-fl strain=J-10-fl, ASM1886v1",dfa50aeabf6119ce79f0df1cf8158008,1.0,5230000,8,147270000,outputs.paper/trim/SRR606249.trim.fq.gz,SRR606249,d3203dba,423250000,31,DNA,10000,42325,True,0.867857736688689,1.0,0.9339288683443445,1.0,False,13223,144065,748458,d__Bacteria;p__Chloroflexota;c__Chloroflexia;o__Chloroflexales;f__Chloroflexaceae;g__Chloroflexus;s__Chloroflexus aurantiacus
5170000,0.012215002953337271,0.9922630560928434,0.012120496160661548,0.009313815872099703,13.58869395711501,13.0,5.157597099998109,/group/ctbrowngrp/sourmash-db/gtdb-rs214/gtdb-rs214-k31.zip,"GCF_000012825.1 Bacteroides vulgatus ATCC 8482 strain=ATCC 8482, ASM1282v1",960cc77fc7b96d595712107aaa1524b5,1.0,5130000,9,142140000,outputs.paper/trim/SRR606249.trim.fq.gz,SRR606249,d3203dba,423250000,31,DNA,10000,42325,True,0.867534769243299,1.0,0.9337673846216494,1.0,False,6971,151036,748458,d__Bacteria;p__Bacteroidota;c__Bacteroidia;o__Bacteroidales;f__Bacteroidaceae;g__Phocaeicola;s__Phocaeicola vulgatus
4980000,0.011766095688127583,0.9860834990059643,0.011718842291789723,0.01226254512611262,18.504032258064516,17.0,12.28689243366193,/group/ctbrowngrp/sourmash-db/gtdb-rs214/gtdb-rs214-k31.zip,"GCF_000019785.1 Leptothrix cholodnii SP-6 strain=SP-6, ASM1978v1",0f774696d30402cc9416e4339e29d022,0.9900596421471173,4960000,10,137180000,outputs.paper/trim/SRR606249.trim.fq.gz,SRR606249,d3203dba,423250000,31,DNA,10000,42325,True,0.8664875653849989,0.9996777908535819,0.9330826781192905,0.9996777908535819,False,9178,160214,748458,d__Bacteria;p__Pseudomonadota;c__Gammaproteobacteria;o__Burkholderiales;f__Burkholderiaceae_B;g__Leptothrix;s__Leptothrix cholodnii
4920000,0.011624335499114,0.9919354838709677,0.011624335499114,0.00992173241517894,15.09349593495935,14.0,9.210468062198588,/group/ctbrowngrp/sourmash-db/gtdb-rs214/gtdb-rs214-k31.zip,"GCF_000016425.1 Salinispora tropica CNB-440 strain=CNB-440, ASM1642v1",e41c93cc239f49bd10ebd38dfd343075,0.9919354838709677,4920000,11,132260000,outputs.paper/trim/SRR606249.trim.fq.gz,SRR606249,d3203dba,423250000,31,DNA,10000,42325,True,0.866148824899668,0.9997388337797518,0.9329438293397099,0.9997388337797518,False,7426,167640,748458,d__Bacteria;p__Actinomycetota;c__Actinomycetia;o__Mycobacteriales;f__Micromonosporaceae;g__Micromonospora;s__Micromonospora tropica
4850000,0.011458948611931483,0.983739837398374,0.011435321913762552,0.0062047569803516025,9.59504132231405,8.0,9.456143669459872,/group/ctbrowngrp/sourmash-db/gtdb-rs214/gtdb-rs214-k31.zip,"GCF_000011965.2 Ruegeria pomeroyi DSS-3 strain=DSS-3, ASM1196v2",357c0e8c59953384de1f6c7605a60317,0.9857723577235772,4840000,12,127420000,outputs.paper/trim/SRR606249.trim.fq.gz,SRR606249,d3203dba,423250000,31,DNA,10000,42325,True,0.8657485380182558,0.9995378543849452,0.9326431962016005,0.9995378543849452,False,4644,172284,748458,d__Bacteria;p__Pseudomonadota;c__Alphaproteobacteria;o__Rhodobacterales;f__Rhodobacteraceae;g__Ruegeria_B;s__Ruegeria_B pomeroyi
4500000,0.010632014176018901,1.0,0.010632014176018901,0.03697067838141886,61.49111111111111,59.0,21.64339593627398,/group/ctbrowngrp/sourmash-db/gtdb-rs214/gtdb-rs214-k31.zip,"GCF_000010305.1 Gemmatimonas aurantiaca T-27 strain=T-27, ASM1030v1",f3b3f1fde1daf747380e5c34717b290f,1.0,4500000,13,122920000,outputs.paper/trim/SRR606249.trim.fq.gz,SRR606249,d3203dba,423250000,31,DNA,10000,42325,True,0.8636592663425463,1.0,0.9318296331712732,1.0,False,27671,199955,748458,d__Bacteria;p__Gemmatimonadota;c__Gemmatimonadetes;o__Gemmatimonadales;f__Gemmatimonadaceae;g__Gemmatimonas;s__Gemmatimonas aurantiaca
4700000,0.011104548139397518,0.757679180887372,0.010490253987005316,0.008053892135564053,13.576576576576576,12.0,7.884355074883343,/group/ctbrowngrp/sourmash-db/gtdb-rs214/gtdb-rs214-k31.zip,"GCF_000375065.1 Salinispora arenicola CNS744 strain=CNS744, ASM37506v1",c24612befde8fbf2181886d060da3a7e,0.8020477815699659,4440000,14,118480000,outputs.paper/trim/SRR606249.trim.fq.gz,SRR606249,d3203dba,423250000,31,DNA,10000,42325,True,0.86487161063854,0.9929095440039685,0.9288905773212542,0.9929095440039685,False,6028,205983,748458,d__Bacteria;p__Actinomycetota;c__Actinomycetia;o__Mycobacteriales;f__Micromonosporaceae;g__Micromonospora;s__Micromonospora arenicola
4290000,0.010135853514471353,1.0,0.010135853514471353,0.03148473261024667,54.93006993006993,55.0,17.6559915474676,/group/ctbrowngrp/sourmash-db/gtdb-rs214/gtdb-rs214-k31.zip,"GCF_000022565.1 Acidobacterium capsulatum ATCC 51196 strain=ATCC 51196, ASM2256v1",324074c7287ed934af4fd0a6a459aa30,1.0,4290000,15,114190000,outputs.paper/trim/SRR606249.trim.fq.gz,SRR606249,d3203dba,423250000,31,DNA,10000,42325,True,0.8623288453539173,1.0,0.9311644226769586,1.0,False,23565,229548,748458,d__Bacteria;p__Acidobacteriota;c__Terriglobia;o__Terriglobales;f__Acidobacteriaceae;g__Acidobacterium;s__Acidobacterium capsulatum
3890000,0.009190785587714117,0.9922879177377892,0.009119905493207325,0.04388890224969203,85.10103626943005,71.0,59.42681874785923,/group/ctbrowngrp/sourmash-db/gtdb-rs214/gtdb-rs214-k31.zip,"GCF_000152645.1 Sulfitobacter sp. NAS-14.1 strain=NAS-14.1, ASM15264v1",5f3cd303f3759ada3b1da0fe9f63c1f8,1.0,3860000,16,110330000,outputs.paper/trim/SRR606249.trim.fq.gz,SRR606249,d3203dba,423250000,31,DNA,10000,42325,True,0.8596104726882865,1.0,0.9298052363441432,1.0,False,32849,262397,748458,d__Bacteria;p__Pseudomonadota;c__Alphaproteobacteria;o__Rhodobacterales;f__Rhodobacteraceae;g__Sulfitobacter;s__Sulfitobacter pontiacus
3730000,0.008812758417011223,1.0,0.008812758417011223,0.013380844349315526,26.84986595174263,24.0,29.63584130397454,/group/ctbrowngrp/sourmash-db/gtdb-rs214/gtdb-rs214-k31.zip,"GCF_000015865.1 Hungateiclostridium thermocellum ATCC 27405 strain=ATCC 27405, ASM1586v1",f16ed0263d531574f7b8c00b25abb975,1.0,3730000,17,106600000,outputs.paper/trim/SRR606249.trim.fq.gz,SRR606249,d3203dba,423250000,31,DNA,10000,42325,True,0.8584466021472258,1.0,0.9292233010736128,1.0,False,10015,272412,748458,d__Bacteria;p__Bacillota_A;c__Clostridia;o__Acetivibrionales;f__Acetivibrionaceae;g__Hungateiclostridium;s__Hungateiclostridium thermocellum
3700000,0.00874187832250443,0.9893048128342246,0.00874187832250443,0.009511555758639764,19.24054054054054,17.0,14.328538135944692,/group/ctbrowngrp/sourmash-db/gtdb-rs214/gtdb-rs214-k31.zip,"GCF_000025685.1 Haloferax volcanii DS2 strain=DS2, ASM2568v1",f299f676fc8922337c2c5d4c7d12e93a,0.9893048128342246,3700000,18,102900000,outputs.paper/trim/SRR606249.trim.fq.gz,SRR606249,d3203dba,423250000,31,DNA,10000,42325,True,0.8582230083127611,0.9996531958996022,0.9289381021061817,0.9996531958996022,False,7119,279531,748458,d__Archaea;p__Halobacteriota;c__Halobacteria;o__Halobacteriales;f__Haloferacaceae;g__Haloferax;s__Haloferax volcanii
3640000,0.008600118133490845,0.9972602739726028,0.008600118133490845,0.025647397716371527,52.73626373626374,51.0,20.632890187002516,/group/ctbrowngrp/sourmash-db/gtdb-rs214/gtdb-rs214-k31.zip,"GCF_019904315.1 Geobacter sulfurreducens strain=PCA_v2, ASM1990431v1",de60e2d2b207e0ee10dd7c50ac817abb,0.9972602739726028,3640000,19,99260000,outputs.paper/trim/SRR606249.trim.fq.gz,SRR606249,d3203dba,423250000,31,DNA,10000,42325,True,0.8577705080843896,0.9999115043693322,0.9288410062268608,0.9999115043693322,False,19196,298727,748458,d__Bacteria;p__Desulfobacterota_F;c__Desulfuromonadia;o__Geobacterales;f__Geobacteraceae;g__Geobacter;s__Geobacter sulfurreducens
3280000,0.0077495569994093325,1.0,0.0077495569994093325,0.00846807703304661,19.323170731707318,19.0,7.596883166726961,/group/ctbrowngrp/sourmash-db/gtdb-rs214/gtdb-rs214-k31.zip,"GCA_003513425.1 Desulfovibrio sp., ASM351342v1",1c729d1b4c2b2aacad37b5a8530f2850,1.0,3280000,20,95980000,outputs.paper/trim/SRR606249.trim.fq.gz,SRR606249,d3203dba,423250000,31,DNA,10000,42325,True,0.8548937800965016,1.0,0.9274468900482509,1.0,False,6338,305065,748458,d__Bacteria;p__Desulfobacterota;c__Desulfovibrionia;o__Desulfovibrionales;f__Desulfovibrionaceae;g__Nitratidesulfovibrio;s__Nitratidesulfovibrio vulgaris
3250000,0.00767867690490254,0.9878419452887538,0.00767867690490254,0.0059936562906669445,13.803076923076922,12.0,11.511786190760109,/group/ctbrowngrp/sourmash-db/gtdb-rs214/gtdb-rs214-k31.zip,"GCF_000008565.1 Deinococcus radiodurans R1 strain=R1, ASM856v1",293752a47d6ff3c5a6b7444b83056512,0.9878419452887538,3250000,21,92730000,outputs.paper/trim/SRR606249.trim.fq.gz,SRR606249,d3203dba,423250000,31,DNA,10000,42325,True,0.8546404264105505,0.9996054788621441,0.9271229526363474,0.9996054788621441,False,4486,309551,748458,d__Bacteria;p__Deinococcota;c__Deinococci;o__Deinococcales;f__Deinococcaceae;g__Deinococcus;s__Deinococcus radiodurans
3010000,0.007111636148848199,1.0,0.007111636148848199,0.013137677732083831,32.667774086378735,29.0,43.11804000010465,/group/ctbrowngrp/sourmash-db/gtdb-rs214/gtdb-rs214-k31.zip,"GCF_000015125.1 Chlorobium phaeobacteroides DSM 266 strain=DSM 266, ASM1512v1",9902df09c49eae79932ef40dccd508d7,1.0,3010000,22,89720000,outputs.paper/trim/SRR606249.trim.fq.gz,SRR606249,d3203dba,423250000,31,DNA,10000,42325,True,0.8525280840759935,1.0,0.9262640420379967,1.0,False,9833,319384,748458,d__Bacteria;p__Bacteroidota;c__Chlorobia;o__Chlorobiales;f__Chlorobiaceae;g__Chlorobium;s__Chlorobium phaeobacteroides
2980000,0.007040756054341406,1.0,0.007040756054341406,0.013881874467237975,34.86577181208054,24.0,95.84808013734572,/group/ctbrowngrp/sourmash-db/gtdb-rs214/gtdb-rs214-k31.zip,"GCF_900184165.1 Caldicellulosiruptor bescii strain=DSMZ 6725, IMG-taxon 2663762791 annotated assembly",ed73b1c07017b8ce33f625409b0fd142,1.0,2980000,23,86740000,outputs.paper/trim/SRR606249.trim.fq.gz,SRR606249,d3203dba,423250000,31,DNA,10000,42325,True,0.8522526581001943,1.0,0.9261263290500972,1.0,False,10390,329774,748458,d__Bacteria;p__Bacillota_A;c__Thermoanaerobacteria;o__Caldicellulosiruptorales;f__Caldicellulosiruptoraceae;g__Caldicellulosiruptor;s__Caldicellulosiruptor bescii
2940000,0.006946249261665682,1.0,0.006946249261665682,0.01741313473835539,44.32993197278912,43.0,12.539054174347005,/group/ctbrowngrp/sourmash-db/gtdb-rs214/gtdb-rs214-k31.zip,"GCF_000008185.1 Treponema denticola ATCC 35405 strain=ATCC 35405, ASM818v1",16fb896404e24616e97adafab029a609,1.0,2940000,24,83800000,outputs.paper/trim/SRR606249.trim.fq.gz,SRR606249,d3203dba,423250000,31,DNA,10000,42325,True,0.8518812196117878,1.0,0.9259406098058939,1.0,False,13033,342807,748458,d__Bacteria;p__Spirochaetota;c__Spirochaetia;o__Treponematales;f__Treponemataceae;g__Treponema_B;s__Treponema_B denticola
2940000,0.006946249261665682,0.9965986394557823,0.006922622563496752,0.013758955078307667,35.14675767918089,34.0,15.572432259732027,/group/ctbrowngrp/sourmash-db/gtdb-rs214/gtdb-rs214-k31.zip,"GCF_000020465.1 Chlorobium limicola DSM 245 strain=DSM 245, ASM2046v1",289407dcc3b5ed86aac3e60ea778049e,1.0,2930000,25,80870000,outputs.paper/trim/SRR606249.trim.fq.gz,SRR606249,d3203dba,423250000,31,DNA,10000,42325,True,0.8518812196117878,1.0,0.9259406098058939,1.0,False,10298,353105,748458,d__Bacteria;p__Bacteroidota;c__Chlorobia;o__Chlorobiales;f__Chlorobiaceae;g__Chlorobium;s__Chlorobium limicola
2890000,0.006828115770821028,0.9930795847750865,0.006780862374483166,0.010556370564547377,27.529616724738677,27.0,9.546420285699691,/group/ctbrowngrp/sourmash-db/gtdb-rs214/gtdb-rs214-k31.zip,"GCF_000020645.1 Pelodictyon phaeoclathratiforme BU-1 strain=BU-1, ASM2064v1",9b9d2415557f08b37f99abd7b8acc396,1.0,2870000,26,78000000,outputs.paper/trim/SRR606249.trim.fq.gz,SRR606249,d3203dba,423250000,31,DNA,10000,42325,True,0.8514099827054444,1.0,0.9257049913527222,1.0,False,7901,361006,748458,d__Bacteria;p__Bacteroidota;c__Chlorobia;o__Chlorobiales;f__Chlorobiaceae;g__Chlorobium;s__Chlorobium phaeoclathratiforme
2800000,0.0066154754873006495,1.0,0.0066154754873006495,0.026263330741337524,70.20357142857142,68.0,15.32800849385709,/group/ctbrowngrp/sourmash-db/gtdb-rs214/gtdb-rs214-k31.zip,"GCF_000011205.1 Sulfurisphaera tokodaii str. 7 strain=7, ASM1120v1",15d80d7279c7fe46d00c230ba79b81f3,1.0,2800000,27,75200000,outputs.paper/trim/SRR606249.trim.fq.gz,SRR606249,d3203dba,423250000,31,DNA,10000,42325,True,0.8505415185193148,1.0,0.9252707592596574,1.0,False,19657,380663,748458,d__Archaea;p__Thermoproteota;c__Thermoprotei_A;o__Sulfolobales;f__Sulfolobaceae;g__Sulfurisphaera;s__Sulfurisphaera tokodaii
2740000,0.006473715298287064,1.0,0.006473715298287064,0.00905996061235233,24.748175182481752,24.0,7.633393809414202,/group/ctbrowngrp/sourmash-db/gtdb-rs214/gtdb-rs214-k31.zip,"GCF_018140615.1 Akkermansia muciniphila strain=AMUC, ASM1814061v1",f3a90d4e5528864a5bcc8434b0d0c3b1,1.0,2740000,28,72460000,outputs.paper/trim/SRR606249.trim.fq.gz,SRR606249,d3203dba,423250000,31,DNA,10000,42325,True,0.8499474034578459,1.0,0.924973701728923,1.0,False,6781,387444,748458,d__Bacteria;p__Verrucomicrobiota;c__Verrucomicrobiae;o__Verrucomicrobiales;f__Akkermansiaceae;g__Akkermansia;s__Akkermansia muciniphila
2720000,0.0064264619019492025,0.9926739926739927,0.006402835203780272,0.011737465562529895,32.4169741697417,30.0,23.154214421070243,/group/ctbrowngrp/sourmash-db/gtdb-rs214/gtdb-rs214-k31.zip,"GCF_902373865.1 Desulfovibrio piger, MGYG-HGUT-01321",112f1147a84d405033898f45cd1ef747,0.9963369963369964,2710000,29,69750000,outputs.paper/trim/SRR606249.trim.fq.gz,SRR606249,d3203dba,423250000,31,DNA,10000,42325,True,0.8497465643272928,0.9998816286551837,0.9248140964912382,0.9998816286551837,False,8785,396229,748458,d__Bacteria;p__Desulfobacterota;c__Desulfovibrionia;o__Desulfovibrionales;f__Desulfovibrionaceae;g__Desulfovibrio;s__Desulfovibrio piger
2750000,0.006497341996455995,0.9381818181818182,0.00609568812758417,0.011221738561148388,32.554263565891475,31.0,9.898660999041429,/group/ctbrowngrp/sourmash-db/gtdb-rs214/gtdb-rs214-k31.zip,"GCF_000016545.1 Caldicellulosiruptor saccharolyticus DSM 8903 strain=DSM 8903, ASM1654v1",8951157d23d89e5767ac5c7752d251d7,1.0,2580000,30,67170000,outputs.paper/trim/SRR606249.trim.fq.gz,SRR606249,d3203dba,423250000,31,DNA,10000,42325,True,0.8500472916165641,1.0,0.9250236458082821,1.0,False,8399,404628,748458,d__Bacteria;p__Bacillota_A;c__Thermoanaerobacteria;o__Caldicellulosiruptorales;f__Caldicellulosiruptoraceae;g__Caldicellulosiruptor;s__Caldicellulosiruptor saccharolyticus
2500000,0.005906674542232723,1.0,0.005906674542232723,0.008807441432919417,26.368,26.0,8.074191971956079,/group/ctbrowngrp/sourmash-db/gtdb-rs214/gtdb-rs214-k31.zip,"GCA_003514505.1 Proteiniclasticum sp., ASM351450v1",fe6d742c112f60d53d86508f92cd2b32,1.0,2500000,31,64670000,outputs.paper/trim/SRR606249.trim.fq.gz,SRR606249,d3203dba,423250000,31,DNA,10000,42325,True,0.8474378160780848,1.0,0.9237189080390424,1.0,False,6592,411220,748458,d__Bacteria;p__Bacillota_A;c__Clostridia;o__Clostridiales;f__Clostridiaceae;g__Proteiniclasticum;s__Proteiniclasticum sp003514505
2450000,0.005788541051388069,0.9959349593495935,0.005788541051388069,0.02776508501479041,84.82040816326531,83.0,26.395894699294804,/group/ctbrowngrp/sourmash-db/gtdb-rs214/gtdb-rs214-k31.zip,"GCF_000009145.1 Nitrosomonas europaea ATCC 19718 strain=ATCC 19718, ASM914v1",d8ad9d2820efee039b6c50a767a603c8,0.9959349593495935,2450000,32,62220000,outputs.paper/trim/SRR606249.trim.fq.gz,SRR606249,d3203dba,423250000,31,DNA,10000,42325,True,0.8468857205732354,0.9998686110391362,0.9233771658061858,0.9998686110391362,False,20781,432001,748458,d__Bacteria;p__Pseudomonadota;c__Gammaproteobacteria;o__Burkholderiales;f__Nitrosomonadaceae;g__Nitrosomonas;s__Nitrosomonas europaea
5130000,0.012120496160661548,0.4688715953307393,0.005694034258712345,0.0025946679706810535,8.058091286307054,7.0,5.024085855204257,/group/ctbrowngrp/sourmash-db/gtdb-rs214/gtdb-rs214-k31.zip,"GCF_000017325.1 Shewanella baltica OS185 strain=OS185, ASM1732v1",09a08691ce52952152f0e866a59f6261,0.9980544747081712,2410000,33,59810000,outputs.paper/trim/SRR606249.trim.fq.gz,SRR606249,d3203dba,423250000,31,DNA,10000,42325,True,0.8673174362125604,0.9999371819639614,0.933627309088261,0.9999371819639614,False,1942,433943,748458,d__Bacteria;p__Pseudomonadota;c__Gammaproteobacteria;o__Enterobacterales_A;f__Shewanellaceae;g__Shewanella;s__Shewanella baltica
2400000,0.005670407560543414,1.0,0.005670407560543414,0.009092026539899366,28.354166666666668,28.0,8.173355041773782,/group/ctbrowngrp/sourmash-db/gtdb-rs214/gtdb-rs214-k31.zip,"GCF_000172575.2 Enterococcus faecalis OG1RF strain=OG1RF, ASM17257v2",cc3d6c32716f72f09e2d175fb156dc2b,1.0,2400000,34,57410000,outputs.paper/trim/SRR606249.trim.fq.gz,SRR606249,d3203dba,423250000,31,DNA,10000,42325,True,0.8463226117408015,1.0,0.9231613058704007,1.0,False,6805,440748,748458,d__Bacteria;p__Bacillota;c__Bacilli;o__Lactobacillales;f__Enterococcaceae;g__Enterococcus;s__Enterococcus faecalis
2280000,0.005386887182516243,0.9956140350877193,0.005363260484347312,0.010878365920332204,35.86784140969163,35.0,12.728274267357275,/group/ctbrowngrp/sourmash-db/gtdb-rs214/gtdb-rs214-k31.zip,"GCA_003450455.1 Thermus sp., ASM345045v1",c186b17aff4173aa9f4513b49bfef5c8,1.0,2270000,35,55140000,outputs.paper/trim/SRR606249.trim.fq.gz,SRR606249,d3203dba,423250000,31,DNA,10000,42325,True,0.8449234252719863,1.0,0.9224617126359931,1.0,False,8142,448890,748458,d__Bacteria;p__Deinococcota;c__Deinococci;o__Deinococcales;f__Thermaceae;g__Thermus;s__Thermus thermophilus
2170000,0.005126993502658004,0.9953917050691244,0.005103366804489072,0.010557706644861836,36.583333333333336,36.0,10.561219240781428,/group/ctbrowngrp/sourmash-db/gtdb-rs214/gtdb-rs214-k31.zip,"GCA_003510485.1 Chlorobaculum sp., ASM351048v1",7aa183fba339cf3b6861197eb4ed7803,1.0,2160000,36,52980000,outputs.paper/trim/SRR606249.trim.fq.gz,SRR606249,d3203dba,423250000,31,DNA,10000,42325,True,0.8435767574595807,1.0,0.9217883787297904,1.0,False,7902,456792,748458,d__Bacteria;p__Bacteroidota;c__Chlorobia;o__Chlorobiales;f__Chlorobiaceae;g__Chlorobaculum;s__Chlorobaculum tepidum
2170000,0.005126993502658004,0.9953917050691244,0.005103366804489072,0.00408706968193272,14.162037037037036,14.0,6.230647335618546,/group/ctbrowngrp/sourmash-db/gtdb-rs214/gtdb-rs214-k31.zip,"GCF_002417615.1 Fusobacterium nucleatum strain=12230 MIT 2016, ASM241761v1",5a3b51484a848f671259bba0d53d5a22,1.0,2160000,37,50820000,outputs.paper/trim/SRR606249.trim.fq.gz,SRR606249,d3203dba,423250000,31,DNA,10000,42325,True,0.8435767574595807,1.0,0.9217883787297904,1.0,False,3059,459851,748458,d__Bacteria;p__Fusobacteriota;c__Fusobacteriia;o__Fusobacteriales;f__Fusobacteriaceae;g__Fusobacterium;s__Fusobacterium polymorphum
2120000,0.005008860011813349,1.0,0.005008860011813349,0.02397596124298224,84.64622641509433,84.0,20.395206958796287,/group/ctbrowngrp/sourmash-db/gtdb-rs214/gtdb-rs214-k31.zip,"GCF_000008665.1 Archaeoglobus fulgidus DSM 4304 strain=DSM 4304, ASM866v1",cee0a3fb7b00990a22be02b2b0a78418,1.0,2120000,38,48700000,outputs.paper/trim/SRR606249.trim.fq.gz,SRR606249,d3203dba,423250000,31,DNA,10000,42325,True,0.8429426512483389,1.0,0.9214713256241694,1.0,False,17945,477796,748458,d__Archaea;p__Halobacteriota;c__Archaeoglobi;o__Archaeoglobales;f__Archaeoglobaceae;g__Archaeoglobus;s__Archaeoglobus fulgidus
2100000,0.004961606615475487,1.0,0.004961606615475487,0.0073965406208498004,26.36190476190476,23.0,29.634639901408754,/group/ctbrowngrp/sourmash-db/gtdb-rs214/gtdb-rs214-k31.zip,"GCF_001314265.1 Porphyromonas gingivalis 381 strain=381, ASM131426v1",e7e266e536fc440fcfa4d2bb82cff958,1.0,2100000,39,46600000,outputs.paper/trim/SRR606249.trim.fq.gz,SRR606249,d3203dba,423250000,31,DNA,10000,42325,True,0.8426849475017779,1.0,0.921342473750889,1.0,False,5536,483332,748458,d__Bacteria;p__Bacteroidota;c__Bacteroidia;o__Bacteroidales;f__Porphyromonadaceae;g__Porphyromonas;s__Porphyromonas gingivalis
2070000,0.004890726520968695,1.0,0.004890726520968695,0.00867784164241681,31.3768115942029,29.0,22.41576919658677,/group/ctbrowngrp/sourmash-db/gtdb-rs214/gtdb-rs214-k31.zip,"GCF_000196135.1 Wolinella succinogenes DSM 1740 strain=DSMZ 1740, ASM19613v1",eb0778b2d50402361622c2a5ce02a720,1.0,2070000,40,44530000,outputs.paper/trim/SRR606249.trim.fq.gz,SRR606249,d3203dba,423250000,31,DNA,10000,42325,True,0.8422939036652213,1.0,0.9211469518326106,1.0,False,6495,489827,748458,d__Bacteria;p__Campylobacterota;c__Campylobacteria;o__Campylobacterales;f__Helicobacteraceae;g__Wolinella;s__Wolinella succinogenes
2060000,0.004867099822799764,1.0,0.004867099822799764,0.01734232248168902,63.00970873786408,63.0,17.04562418331055,/group/ctbrowngrp/sourmash-db/gtdb-rs214/gtdb-rs214-k31.zip,"GCF_000007225.1 Pyrobaculum aerophilum str. IM2 strain=IM2, ASM722v1",4a154932a9c5ad4a44c2692edf8a6b34,1.0,2060000,41,42470000,outputs.paper/trim/SRR606249.trim.fq.gz,SRR606249,d3203dba,423250000,31,DNA,10000,42325,True,0.8421623361007293,1.0,0.9210811680503647,1.0,False,12980,502807,748458,d__Archaea;p__Thermoproteota;c__Thermoprotei;o__Thermoproteales;f__Thermoproteaceae;g__Pyrobaculum;s__Pyrobaculum aerophilum
2060000,0.004867099822799764,1.0,0.004867099822799764,0.01052430463700034,38.237864077669904,38.0,10.17119115042178,/group/ctbrowngrp/sourmash-db/gtdb-rs214/gtdb-rs214-k31.zip,"GCF_000016385.1 Pyrobaculum arsenaticum DSM 13514 strain=DSM 13514, ASM1638v1",299321db294df4cb4ec008e414d200ae,1.0,2060000,42,40410000,outputs.paper/trim/SRR606249.trim.fq.gz,SRR606249,d3203dba,423250000,31,DNA,10000,42325,True,0.8421623361007293,1.0,0.9210811680503647,1.0,False,7877,510684,748458,d__Archaea;p__Thermoproteota;c__Thermoprotei;o__Thermoproteales;f__Thermoproteaceae;g__Pyrobaculum;s__Pyrobaculum arsenaticum
2030000,0.004796219728292971,0.9758454106280193,0.00477259303012404,0.0023247797471601613,8.613861386138614,8.0,4.003637694980327,/group/ctbrowngrp/sourmash-db/gtdb-rs214/gtdb-rs214-k31.zip,"GCF_001563365.1 Zymomonas mobilis strain=ATCC 31823, ASM156336v1",49bb148c4be3bea086ac80b86471cbba,0.9806763285024155,2020000,43,38390000,outputs.paper/trim/SRR606249.trim.fq.gz,SRR606249,d3203dba,423250000,31,DNA,10000,42325,True,0.8417638922808807,0.9993707524392208,0.9205673223600508,0.9993707524392208,False,1740,512424,748458,d__Bacteria;p__Pseudomonadota;c__Alphaproteobacteria;o__Sphingomonadales;f__Sphingomonadaceae;g__Zymomonas;s__Zymomonas mobilis
1980000,0.004678086237448317,1.0,0.004678086237448317,0.027926750732840053,105.56565656565657,85.0,79.17276360779756,/group/ctbrowngrp/sourmash-db/gtdb-rs214/gtdb-rs214-k31.zip,"GCF_000018945.1 Thermotoga neapolitana DSM 4359 strain=DSM 4359, ASM1894v1",1d815f5d470aaafbbca434a2c84f7dc1,1.0,1980000,44,36410000,outputs.paper/trim/SRR606249.trim.fq.gz,SRR606249,d3203dba,423250000,31,DNA,10000,42325,True,0.8410869805271772,1.0,0.9205434902635886,1.0,False,20902,533326,748458,d__Bacteria;p__Thermotogota;c__Thermotogae;o__Thermotogales;f__Thermotogaceae;g__Thermotoga;s__Thermotoga neapolitana
1980000,0.004678086237448317,1.0,0.004678086237448317,0.009393980690967295,35.51010101010101,35.0,9.5047781173736,/group/ctbrowngrp/sourmash-db/gtdb-rs214/gtdb-rs214-k31.zip,"GCF_000021645.1 Dictyoglomus turgidum DSM 6724 strain=DSM 6724, ASM2164v1",85e27bbbee2de4bc1b92fdf87495eb2e,1.0,1980000,45,34430000,outputs.paper/trim/SRR606249.trim.fq.gz,SRR606249,d3203dba,423250000,31,DNA,10000,42325,True,0.8410869805271772,1.0,0.9205434902635886,1.0,False,7031,540357,748458,d__Bacteria;p__Dictyoglomota;c__Dictyoglomia;o__Dictyoglomales;f__Dictyoglomaceae;g__Dictyoglomus;s__Dictyoglomus turgidum
1940000,0.004583579444772593,1.0,0.004583579444772593,0.005730448468718351,22.108247422680414,19.5,16.564887533283418,/group/ctbrowngrp/sourmash-db/gtdb-rs214/gtdb-rs214-k31.zip,"GCF_000019085.1 Thermoanaerobacter pseudethanolicus ATCC 33223 strain=ATCC 33223; 39E, ASM1908v1",123f408fa4f07b259bd53f8497dd56d2,1.0,1940000,46,32490000,outputs.paper/trim/SRR606249.trim.fq.gz,SRR606249,d3203dba,423250000,31,DNA,10000,42325,True,0.8405334325609911,1.0,0.9202667162804956,1.0,False,4289,544646,748458,d__Bacteria;p__Bacillota_A;c__Thermoanaerobacteria;o__Thermoanaerobacterales;f__Thermoanaerobacteraceae;g__Thermoanaerobacter;s__Thermoanaerobacter pseudethanolicus
1900000,0.00448907265209687,1.0,0.00448907265209687,0.013621338805918301,53.6578947368421,54.0,16.153989756142327,/group/ctbrowngrp/sourmash-db/gtdb-rs214/gtdb-rs214-k31.zip,"GCF_000015805.1 Pyrobaculum calidifontis JCM 11548 strain=JCM 11548, ASM1580v1",ad83523f64ee0e17faf8b825d5201533,1.0,1900000,47,30590000,outputs.paper/trim/SRR606249.trim.fq.gz,SRR606249,d3203dba,423250000,31,DNA,10000,42325,True,0.8399687272912983,1.0,0.9199843636456492,1.0,False,10195,554841,748458,d__Archaea;p__Thermoproteota;c__Thermoprotei;o__Thermoproteales;f__Thermoproteaceae;g__Pyrobaculum;s__Pyrobaculum calidifontis
1900000,0.00448907265209687,1.0,0.00448907265209687,0.012449596370137001,49.04210526315789,49.0,10.774644494781239,/group/ctbrowngrp/sourmash-db/gtdb-rs214/gtdb-rs214-k31.zip,"GCF_000021565.1 Persephonella marina EX-H1 strain=EX-H1, ASM2156v1",05abaf28975f70b7399c549052f64e01,1.0,1900000,48,28690000,outputs.paper/trim/SRR606249.trim.fq.gz,SRR606249,d3203dba,423250000,31,DNA,10000,42325,True,0.8399687272912983,1.0,0.9199843636456492,1.0,False,9318,564159,748458,d__Bacteria;p__Aquificota;c__Aquificae;o__Hydrogenothermales;f__Hydrogenothermaceae;g__Persephonella;s__Persephonella marina
1890000,0.0044654459539279386,0.9947089947089947,0.004441819255759007,0.014166459574217926,56.398936170212764,56.0,15.766426723713387,/group/ctbrowngrp/sourmash-db/gtdb-rs214/gtdb-rs214-k31.zip,"GCA_003517435.1 Chlorobium sp., ASM351743v1",3edf2e121d921fccf8e96d1287bd5e8a,1.0,1880000,49,26810000,outputs.paper/trim/SRR606249.trim.fq.gz,SRR606249,d3203dba,423250000,31,DNA,10000,42325,True,0.8398257535594963,1.0,0.9199128767797482,1.0,False,10603,574762,748458,d__Bacteria;p__Bacteroidota;c__Chlorobia;o__Chlorobiales;f__Chlorobiaceae;g__Chlorobium;s__Chlorobium phaeovibrioides
3450000,0.008151210868281158,0.5391304347826087,0.004394565859421146,0.014358855139500146,57.77956989247312,57.0,16.483286152817122,/group/ctbrowngrp/sourmash-db/gtdb-rs214/gtdb-rs214-k31.zip,"GCF_000152605.1 Sulfitobacter sp. EE-36 strain=EE-36, ASM15260v1",272eda69da90813c8c2e841e0555e5b0,1.0,1860000,50,24950000,outputs.paper/trim/SRR606249.trim.fq.gz,SRR606249,d3203dba,423250000,31,DNA,10000,42325,True,0.8562884155956278,1.0,0.9281442077978139,1.0,False,10747,585509,748458,d__Bacteria;p__Pseudomonadota;c__Alphaproteobacteria;o__Rhodobacterales;f__Rhodobacteraceae;g__Sulfitobacter;s__Sulfitobacter pontiacus
1840000,0.004347312463083284,1.0,0.004347312463083284,0.014758343153523645,60.03260869565217,60.0,11.560287237815242,/group/ctbrowngrp/sourmash-db/gtdb-rs214/gtdb-rs214-k31.zip,"GCF_008245085.1 Pyrococcus furiosus DSM 3638 strain=DSM 3638, ASM824508v1",bf8cc801cce5a949492ea16308d75aba,1.0,1840000,51,23110000,outputs.paper/trim/SRR606249.trim.fq.gz,SRR606249,d3203dba,423250000,31,DNA,10000,42325,True,0.8390997196837278,1.0,0.9195498598418639,1.0,False,11046,596555,748458,d__Archaea;p__Methanobacteriota_B;c__Thermococci;o__Thermococcales;f__Thermococcaceae;g__Pyrococcus;s__Pyrococcus furiosus
1830000,0.004323685764914353,1.0,0.004323685764914353,0.010406729569327871,42.56284153005465,42.0,14.328508653440451,/group/ctbrowngrp/sourmash-db/gtdb-rs214/gtdb-rs214-k31.zip,"GCF_000007185.1 Methanopyrus kandleri AV19 strain=AV19, ASM718v1",78e186071f95b5f58b294343ce2d7ff8,1.0,1830000,52,21280000,outputs.paper/trim/SRR606249.trim.fq.gz,SRR606249,d3203dba,423250000,31,DNA,10000,42325,True,0.838952224202275,1.0,0.9194761121011374,1.0,False,7789,604344,748458,d__Archaea;p__Methanobacteriota;c__Methanopyri;o__Methanopyrales;f__Methanopyraceae;g__Methanopyrus;s__Methanopyrus kandleri
1820000,0.004300059066745423,0.994535519125683,0.004300059066745423,0.00544719944205286,22.4010989010989,14.0,17.739525586192702,/group/ctbrowngrp/sourmash-db/gtdb-rs214/gtdb-rs214-k31.zip,"GCF_000173615.1 Sulfurihydrogenibium yellowstonense SS-5 strain=SS-5, ASM17361v1",ea1af81ce1042a3aaa59f860b8a39573,0.994535519125683,1820000,53,19460000,outputs.paper/trim/SRR606249.trim.fq.gz,SRR606249,d3203dba,423250000,31,DNA,10000,42325,True,0.8388039466623443,0.9998232586604419,0.9193136026613931,0.9998232586604419,False,4077,608421,748458,d__Bacteria;p__Aquificota;c__Aquificae;o__Hydrogenothermales;f__Hydrogenothermaceae;g__Sulfurihydrogenibium;s__Sulfurihydrogenibium yellowstonense
1850000,0.004370939161252215,0.9351351351351351,0.0040874187832250445,0.034207664291115866,147.9942196531792,179.0,84.80514879053794,/group/ctbrowngrp/sourmash-db/gtdb-rs214/gtdb-rs214-k31.zip,"GCF_000016785.1 Thermotoga petrophila RKU-1 strain=RKU-1, ASM1678v1",745322649f94665adf60b2ee985746ca,1.0,1730000,54,17730000,outputs.paper/trim/SRR606249.trim.fq.gz,SRR606249,d3203dba,423250000,31,DNA,10000,42325,True,0.8392464414483579,1.0,0.919623220724179,1.0,False,25603,634024,748458,d__Bacteria;p__Thermotogota;c__Thermotogae;o__Thermotogales;f__Thermotogaceae;g__Thermotoga;s__Thermotoga petrophila
1650000,0.003898405197873597,1.0,0.003898405197873597,0.020681187187524215,93.81212121212121,94.0,17.38183931362563,/group/ctbrowngrp/sourmash-db/gtdb-rs214/gtdb-rs214-k31.zip,"GCF_000011105.1 Pyrococcus horikoshii OT3 strain=OT3, ASM1110v1",8acbe1802aebe9f0c23cc5428ac003ee,1.0,1650000,55,16080000,outputs.paper/trim/SRR606249.trim.fq.gz,SRR606249,d3203dba,423250000,31,DNA,10000,42325,True,0.8361547797627595,1.0,0.9180773898813798,1.0,False,15479,649503,748458,d__Archaea;p__Methanobacteriota_B;c__Thermococci;o__Thermococcales;f__Thermococcaceae;g__Pyrococcus;s__Pyrococcus horikoshii
1650000,0.003898405197873597,1.0,0.003898405197873597,0.008108671428456907,36.78181818181818,36.0,11.146448124183953,/group/ctbrowngrp/sourmash-db/gtdb-rs214/gtdb-rs214-k31.zip,"GCF_000016125.1 Methanococcus maripaludis C5 strain=C5, ASM1612v1",4fcde47fa8b1e68ce4173be350ee2711,1.0,1650000,56,14430000,outputs.paper/trim/SRR606249.trim.fq.gz,SRR606249,d3203dba,423250000,31,DNA,10000,42325,True,0.8361547797627595,1.0,0.9180773898813798,1.0,False,6069,655572,748458,d__Archaea;p__Methanobacteriota;c__Methanococci;o__Methanococcales;f__Methanococcaceae;g__Methanococcus;s__Methanococcus maripaludis_D
1570000,0.00370939161252215,1.0,0.00370939161252215,0.009401997172854054,44.82165605095541,43.0,11.87005180029016,/group/ctbrowngrp/sourmash-db/gtdb-rs214/gtdb-rs214-k31.zip,"GCF_000091665.1 Methanocaldococcus jannaschii DSM 2661 strain=DSM 2661, ASM9166v1",ca6869d4abc24811464383043b077800,1.0,1570000,57,12860000,outputs.paper/trim/SRR606249.trim.fq.gz,SRR606249,d3203dba,423250000,31,DNA,10000,42325,True,0.834815317791448,1.0,0.9174076588957241,1.0,False,7037,662609,748458,d__Archaea;p__Methanobacteriota;c__Methanococci;o__Methanococcales;f__Methanocaldococcaceae;g__Methanocaldococcus;s__Methanocaldococcus jannaschii
1520000,0.0035912581216774957,1.0,0.0035912581216774957,0.0132552527997563,65.26973684210526,65.0,14.329749325100618,/group/ctbrowngrp/sourmash-db/gtdb-rs214/gtdb-rs214-k31.zip,"GCA_003543175.1 Hydrogenobaculum sp., ASM354317v1",da359c7d4839e1bd472c065804809a68,1.0,1520000,58,11340000,outputs.paper/trim/SRR606249.trim.fq.gz,SRR606249,d3203dba,423250000,31,DNA,10000,42325,True,0.8339441908340909,1.0,0.9169720954170455,1.0,False,9921,672530,748458,d__Bacteria;p__Aquificota;c__Aquificae;o__Aquificales;f__Hydrogenobaculaceae;g__Hydrogenobaculum;s__Hydrogenobaculum sp003543175
1560000,0.0036857649143532192,0.9551282051282052,0.003520378027170703,0.005973615085950046,30.006711409395972,29.0,8.933382566782903,/group/ctbrowngrp/sourmash-db/gtdb-rs214/gtdb-rs214-k31.zip,"GCF_000011585.1 Methanococcus maripaludis S2 strain=S2, ASM1158v1",d45be194ffb4596d4fa8845dd89d8d8d,1.0,1490000,59,9850000,outputs.paper/trim/SRR606249.trim.fq.gz,SRR606249,d3203dba,423250000,31,DNA,10000,42325,True,0.8346432612879511,1.0,0.9173216306439755,1.0,False,4471,677001,748458,d__Archaea;p__Methanobacteriota;c__Methanococci;o__Methanococcales;f__Methanococcaceae;g__Methanococcus;s__Methanococcus maripaludis
1410000,0.003331364441819256,1.0,0.003331364441819256,0.01041875429215801,55.304964539007095,49.0,36.680901800714174,/group/ctbrowngrp/sourmash-db/gtdb-rs214/gtdb-rs214-k31.zip,"GCF_000025665.1 Aciduliprofundum boonei T469 strain=T469, ASM2566v1",c11126d0591db94cd3d1c8568499375f,1.0,1410000,60,8440000,outputs.paper/trim/SRR606249.trim.fq.gz,SRR606249,d3203dba,423250000,31,DNA,10000,42325,True,0.8319257853236093,1.0,0.9159628926618046,1.0,False,7798,684799,748458,d__Archaea;p__Thermoplasmatota;c__Thermoplasmata;o__Aciduliprofundales;f__Aciduliprofundaceae;g__Aciduliprofundum;s__Aciduliprofundum boonei
1330000,0.0031423508564678085,1.0,0.0031423508564678085,0.0028592118729441063,16.090225563909776,16.0,5.2593756549563935,/group/ctbrowngrp/sourmash-db/gtdb-rs214/gtdb-rs214-k31.zip,"GCA_013329705.1 Desulfurococcaceae archaeon, ASM1332970v1",ee9c1bac55c65fd730f3fb1c5f533e7a,1.0,1330000,61,7110000,outputs.paper/trim/SRR606249.trim.fq.gz,SRR606249,d3203dba,423250000,31,DNA,10000,42325,True,0.8303597315295016,1.0,0.9151798657647507,1.0,False,2140,686939,748458,d__Archaea;p__Thermoproteota;c__Thermoprotei_A;o__Sulfolobales;f__Ignicoccaceae;g__Ignicoccus;s__Ignicoccus hospitalis
1650000,0.003898405197873597,0.7212121212121212,0.002811577082102776,0.006080501511106836,38.2436974789916,37.0,8.984549189791059,/group/ctbrowngrp/sourmash-db/gtdb-rs214/gtdb-rs214-k31.zip,"GCA_003510745.1 Sulfurihydrogenibium sp., ASM351074v1",4aac4c04a1722458f2a4c4f8a11481f9,1.0,1190000,62,5920000,outputs.paper/trim/SRR606249.trim.fq.gz,SRR606249,d3203dba,423250000,31,DNA,10000,42325,True,0.8361547797627595,1.0,0.9180773898813798,1.0,False,4551,691490,748458,d__Bacteria;p__Aquificota;c__Aquificae;o__Hydrogenothermales;f__Hydrogenothermaceae;g__Sulfurihydrogenibium;s__Sulfurihydrogenibium sp003510745
1830000,0.004323685764914353,0.37158469945355194,0.0016066154754873006,0.01441229835207854,158.63235294117646,155.0,22.052680517186104,/group/ctbrowngrp/sourmash-db/gtdb-rs214/gtdb-rs214-k31.zip,"GCF_000019625.1 Thermotoga sp. RQ2 strain=RQ2, ASM1962v1",411679f88e1e2e6c7c70fbdc45cb3116,1.0,680000,63,5240000,outputs.paper/trim/SRR606249.trim.fq.gz,SRR606249,d3203dba,423250000,31,DNA,10000,42325,True,0.838952224202275,1.0,0.9194761121011374,1.0,False,10787,702277,748458,d__Bacteria;p__Thermotogota;c__Thermotogae;o__Thermotogales;f__Thermotogaceae;g__Thermotoga;s__Thermotoga maritima
570000,0.0013467217956290608,0.2722772277227723,0.001299468399291199,0.00014028843301828558,1.9090909090909092,2.0,0.9958591954639385,/group/ctbrowngrp/sourmash-db/gtdb-rs214/gtdb-rs214-k31.zip,"GCF_024295565.1 Streptococcus sp. CF8_Ac1-9 strain=CF8_Ac1-9, ASM2429556v1",42f4e207262b844dd44b361c5d4c58e3,0.28217821782178215,550000,64,4690000,outputs.paper/trim/SRR606249.trim.fq.gz,SRR606249,d3203dba,423250000,31,DNA,10000,42325,True,0.807971535316281,0.9600082188912726,0.8839898771037769,0.9600082188912726,False,105,702382,748458,d__Bacteria;p__Bacillota;c__Bacilli;o__Lactobacillales;f__Streptococcaceae;g__Streptococcus;s__Streptococcus parasanguinis_E
400000,0.0009450679267572357,1.0,0.0009450679267572357,0.01159316888856823,216.925,168.5,140.78163720812455,/group/ctbrowngrp/sourmash-db/gtdb-rs214/gtdb-rs214-k31.zip,"GCA_000008085.1 Nanoarchaeum equitans Kin4-M, ASM808v1",d9e98fc66928684bf96f0aaeb4adcb6e,1.0,400000,65,4290000,outputs.paper/trim/SRR606249.trim.fq.gz,SRR606249,d3203dba,423250000,31,DNA,10000,42325,True,,,,,False,8677,711059,748458,d__Archaea;p__Nanoarchaeota;c__Nanoarchaeia;o__Nanoarchaeales;f__Nanoarchaeaceae;g__Nanoarchaeum;s__Nanoarchaeum equitans
2850000,0.006733608978145304,0.10084033613445378,0.0008505611340815121,0.0005264156438971859,10.944444444444445,3.0,18.116819141407497,/group/ctbrowngrp/sourmash-db/gtdb-rs214/gtdb-rs214-k31.zip,"GCF_000015485.1 Desulfovibrio vulgaris DP4 strain=DP4, ASM1548v1",4f6060905463539fc92cb5ee67552db5,0.7983193277310925,360000,66,3930000,outputs.paper/trim/SRR606249.trim.fq.gz,SRR606249,d3203dba,423250000,31,DNA,10000,42325,True,0.8510272773463181,0.9927603142964142,0.9218937958213662,0.9927603142964142,False,394,711453,748458,d__Bacteria;p__Desulfobacterota;c__Desulfovibrionia;o__Desulfovibrionales;f__Desulfovibrionaceae;g__Nitratidesulfovibrio;s__Nitratidesulfovibrio vulgaris
4490000,0.01060838747784997,0.059233449477351915,0.0008033077377436503,0.0006773927194311505,14.911764705882353,13.5,7.747362538153087,/group/ctbrowngrp/sourmash-db/gtdb-rs214/gtdb-rs214-k31.zip,"GCF_000375005.1 Salinispora arenicola CNS051 strain=CNS051, ASM37500v1",0376e0e4e8f660a71512eec2bcbbc793,0.7822299651567944,340000,67,3590000,outputs.paper/trim/SRR606249.trim.fq.gz,SRR606249,d3203dba,423250000,31,DNA,10000,42325,True,0.8635972886158032,0.9921085119836839,0.9278529002997435,0.9921085119836839,False,507,711960,748458,d__Bacteria;p__Actinomycetota;c__Actinomycetia;o__Mycobacteriales;f__Micromonosporaceae;g__Micromonospora;s__Micromonospora arenicola
250000,0.0005906674542232723,0.0712166172106825,0.0005670407560543414,4.4090650377175475e-05,1.375,1.0,0.6959705453537527,/group/ctbrowngrp/sourmash-db/gtdb-rs214/gtdb-rs214-k31.zip,"GCF_000019485.1 Synechococcus sp. PCC 7002 strain=PCC 7002, ASM1948v1",0f0d961ba85aa942ce94cced7da03771,0.07418397626112759,240000,68,3350000,outputs.paper/trim/SRR606249.trim.fq.gz,SRR606249,d3203dba,423250000,31,DNA,10000,42325,True,0.7867735940227132,0.9195140944883682,0.8531438442555407,0.9195140944883682,False,33,711993,748458,d__Bacteria;p__Cyanobacteriota;c__Cyanobacteriia;o__Cyanobacteriales;f__Cyanobacteriaceae;g__Limnothrix;s__Limnothrix sp001693275
530000,0.0012522150029533373,0.09216589861751152,0.00047253396337861784,4.9434971635014926e-05,1.85,1.0,1.1947803145348521,/group/ctbrowngrp/sourmash-db/gtdb-rs214/gtdb-rs214-k31.zip,"GCF_001069785.1 Streptococcus parasanguinis strain=139.rep2_SPAR, ASM106978v1",7007ea1781d79f21c762b60f51b92a5b,0.24423963133640553,200000,69,3150000,outputs.paper/trim/SRR606249.trim.fq.gz,SRR606249,d3203dba,423250000,31,DNA,10000,42325,True,0.8060773884845893,0.9555471761835637,0.8808122823340765,0.9555471761835637,False,37,712030,748458,d__Bacteria;p__Bacillota;c__Bacilli;o__Lactobacillales;f__Streptococcaceae;g__Streptococcus;s__Streptococcus sp900766505
150000,0.0003544004725339634,0.06696428571428571,0.0003544004725339634,2.5385525974737392e-05,1.2666666666666666,1.0,0.5734883511361751,/group/ctbrowngrp/sourmash-db/gtdb-rs214/gtdb-rs214-k31.zip,"GCF_902858945.1 Streptococcus salivarius, Ssal_L45",44cb229242ec89cf0d71b9327494f6f0,0.06696428571428571,150000,70,3000000,outputs.paper/trim/SRR606249.trim.fq.gz,SRR606249,d3203dba,423250000,31,DNA,10000,42325,True,0.7739151782745323,0.9164820755645429,0.8451986269195375,0.9164820755645429,False,19,712049,748458,d__Bacteria;p__Bacillota;c__Bacilli;o__Lactobacillales;f__Streptococcaceae;g__Streptococcus;s__Streptococcus salivarius
130000,0.0003071470761961016,0.025490196078431372,0.0003071470761961016,0.007713191655376788,444.0769230769231,1.0,814.8629390685624,/group/ctbrowngrp/sourmash-db/gtdb-rs214/gtdb-rs214-k31.zip,"GCF_000766965.1 Escherichia coli NCTC 50110 strain=NCTC 50110, CREcoli50110",c4b90e983814f23f420803ce0400dc47,0.025490196078431372,130000,71,2870000,outputs.paper/trim/SRR606249.trim.fq.gz,SRR606249,d3203dba,423250000,31,DNA,10000,42325,True,0.7703508978569951,0.8883675432588737,0.8293592205579343,0.8883675432588737,False,5773,717822,748458,d__Bacteria;p__Pseudomonadota;c__Gammaproteobacteria;o__Enterobacterales;f__Enterobacteriaceae;g__Escherichia;s__Escherichia coli
4450000,0.010513880685174247,0.023985239852398525,0.0003071470761961016,0.00024049445660277532,13.846153846153847,13.0,7.252014615010878,/group/ctbrowngrp/sourmash-db/gtdb-rs214/gtdb-rs214-k31.zip,"GCF_023845025.1 Salinispora arenicola strain=RJA3005, ASM2384502v1",a8fe2c92297f627b1bd5fa319f0e9fe2,0.8210332103321033,130000,72,2740000,outputs.paper/trim/SRR606249.trim.fq.gz,SRR606249,d3203dba,423250000,31,DNA,10000,42325,True,0.8633480345441743,0.9936591652765802,0.9285035999103772,0.9936591652765802,False,180,718002,748458,d__Bacteria;p__Actinomycetota;c__Actinomycetia;o__Mycobacteriales;f__Micromonosporaceae;g__Micromonospora;s__Micromonospora arenicola
750000,0.0017720023626698169,0.040372670807453416,0.0003071470761961016,0.0004489229856585139,25.846153846153847,25.0,11.798605874920815,/group/ctbrowngrp/sourmash-db/gtdb-rs214/gtdb-rs214-k31.zip,"GCF_900115135.1 Proteiniclasticum ruminis strain=ML2, IMG-taxon 2642422541 annotated assembly",08a7e8122383feb4f03413e87457084a,0.2329192546583851,130000,73,2610000,outputs.paper/trim/SRR606249.trim.fq.gz,SRR606249,d3203dba,423250000,31,DNA,10000,42325,True,0.8151561017630989,0.9540854453446417,0.8846207735538703,0.9540854453446417,False,336,718338,748458,d__Bacteria;p__Bacillota_A;c__Clostridia;o__Clostridiales;f__Clostridiaceae;g__Proteiniclasticum;s__Proteiniclasticum ruminis_A
110000,0.00025989367985823983,0.041353383458646614,0.00025989367985823983,1.6032963773518354e-05,1.0909090909090908,1.0,0.28747978728803447,/group/ctbrowngrp/sourmash-db/gtdb-rs214/gtdb-rs214-k31.zip,"GCA_020254035.1 Cutibacterium sp., ASM2025403v1",d20ed7d6fdb030b19e21df8446681cf7,0.041353383458646614,110000,74,2500000,outputs.paper/trim/SRR606249.trim.fq.gz,SRR606249,d3203dba,423250000,31,DNA,10000,42325,True,0.7662107642953446,0.902342315469819,0.8342765398825818,0.902342315469819,False,12,718350,748458,d__Bacteria;p__Actinomycetota;c__Actinomycetia;o__Propionibacteriales;f__Propionibacteriaceae;g__Cutibacterium;s__Cutibacterium acnes
100000,0.00023626698168930892,0.021645021645021644,0.00023626698168930892,1.3360803144598628e-05,1.0,1.0,0.0,/group/ctbrowngrp/sourmash-db/gtdb-rs214/gtdb-rs214-k31.zip,"GCF_002799245.1 Stenotrophomonas maltophilia strain=EA1, ASM279924v1",03c6e78f14ab8af588f748653db2d6fb,0.021645021645021644,100000,75,2400000,outputs.paper/trim/SRR606249.trim.fq.gz,SRR606249,d3203dba,423250000,31,DNA,10000,42325,True,0.7638586501642051,0.8836939297463186,0.8237762899552619,0.8836939297463186,False,10,718360,748458,d__Bacteria;p__Pseudomonadota;c__Gammaproteobacteria;o__Xanthomonadales;f__Xanthomonadaceae;g__Stenotrophomonas;s__Stenotrophomonas maltophilia_S
3730000,0.008812758417011223,0.010582010582010581,0.00018901358535144714,1.2024722830138765e-05,1.125,1.0,0.33071891388307384,/group/ctbrowngrp/sourmash-db/gtdb-rs214/gtdb-rs214-k31.zip,"GCF_000330745.1 Rhodopirellula baltica SWK14 strain=SWK14, ASM33074v1",df6e82fd69a0fcd8acd3de6a8e5f7012,0.4933862433862434,80000,76,2320000,outputs.paper/trim/SRR606249.trim.fq.gz,SRR606249,d3203dba,423250000,31,DNA,10000,42325,True,0.8584466021472258,0.9774685831587314,0.9179575926529786,0.9774685831587314,False,9,718369,748458,d__Bacteria;p__Planctomycetota;c__Planctomycetia;o__Pirellulales;f__Pirellulaceae;g__Rhodopirellula;s__Rhodopirellula baltica
80000,0.00018901358535144714,0.02040816326530612,0.00016538688718251623,1.3360803144598628e-05,1.4285714285714286,1.0,0.7284313590846836,/group/ctbrowngrp/sourmash-db/gtdb-rs214/gtdb-rs214-k31.zip,"GCA_000255595.2 Microbacterium laevaniformans OR221 strain=OR221, OR221_CLC",b35209340df5aa77af1c5ca4cb5396e8,0.023323615160349854,70000,77,2250000,outputs.paper/trim/SRR606249.trim.fq.gz,SRR606249,d3203dba,423250000,31,DNA,10000,42325,True,0.758380000618635,0.8858256544767127,0.8221028275476738,0.8858256544767127,False,10,718379,748458,d__Bacteria;p__Actinomycetota;c__Actinomycetia;o__Actinomycetales;f__Microbacteriaceae;g__Microbacterium;s__Microbacterium sp000411455
520000,0.0012285883047844063,0.035175879396984924,0.00016538688718251623,1.6032963773518354e-05,1.7142857142857142,1.0,1.3850513878332367,/group/ctbrowngrp/sourmash-db/gtdb-rs214/gtdb-rs214-k31.zip,"GCF_000187505.1 Streptococcus parasanguinis ATCC 903 strain=ATCC 903, ASM18750v1",0e39ffe7db10f27b8022f6fec7e585ed,0.2613065326633166,70000,78,2180000,outputs.paper/trim/SRR606249.trim.fq.gz,SRR606249,d3203dba,423250000,31,DNA,10000,42325,True,0.805582240002913,0.9576314394738616,0.8816068397383874,0.9576314394738616,False,12,718391,748458,d__Bacteria;p__Bacillota;c__Bacilli;o__Lactobacillales;f__Streptococcaceae;g__Streptococcus;s__Streptococcus parasanguinis_M
60000,0.00014176018901358535,0.0392156862745098,0.00014176018901358535,8.016481886759177e-06,1.0,1.0,0.0,/group/ctbrowngrp/sourmash-db/gtdb-rs214/gtdb-rs214-k31.zip,"GCA_003534055.1 Aquificaceae bacterium, ASM353405v1",589bd0366f06e176974b323304b7c635,0.0392156862745098,60000,79,2120000,outputs.paper/trim/SRR606249.trim.fq.gz,SRR606249,d3203dba,423250000,31,DNA,10000,42325,True,0.7513747384375336,0.9007986696453103,0.8260867040414219,0.9007986696453103,True,6,718397,748458,d__Bacteria;p__Aquificota;c__Aquificae;o__Aquificales;f__Aquificaceae;g__UBA11096;s__UBA11096 sp003534055
4460000,0.010537507383343178,0.00927357032457496,0.00014176018901358535,8.684522043989109e-05,10.833333333333334,7.5,10.573814617041267,/group/ctbrowngrp/sourmash-db/gtdb-rs214/gtdb-rs214-k31.zip,"GCA_011765705.1 Salinispora arenicola strain=BRA 172, ASM1176570v1",8e4e26b33e130b40fd96a9f2692d164b,0.6893353941267388,60000,80,2060000,outputs.paper/trim/SRR606249.trim.fq.gz,SRR606249,d3203dba,423250000,31,DNA,10000,42325,True,0.8634105507206176,0.9880708413677383,0.9257406960441779,0.9880708413677383,False,65,718462,748458,d__Bacteria;p__Actinomycetota;c__Actinomycetia;o__Mycobacteriales;f__Micromonosporaceae;g__Micromonospora;s__Micromonospora arenicola
550000,0.001299468399291199,0.028985507246376812,0.00014176018901358535,1.3360803144598628e-05,1.6666666666666667,1.0,0.9428090415820634,/group/ctbrowngrp/sourmash-db/gtdb-rs214/gtdb-rs214-k31.zip,"GCF_001073735.1 Streptococcus parasanguinis strain=65_SPAR, ASM107373v1",4daffc4875921a98f5fbf02f72847566,0.26570048309178745,60000,81,2000000,outputs.paper/trim/SRR606249.trim.fq.gz,SRR606249,d3203dba,423250000,31,DNA,10000,42325,True,0.807041129680957,0.9581467064751833,0.8825939180780702,0.9581467064751833,False,10,718472,748458,d__Bacteria;p__Bacillota;c__Bacilli;o__Lactobacillales;f__Streptococcaceae;g__Streptococcus;s__Streptococcus parasanguinis_B
80000,0.00018901358535144714,0.021834061135371178,0.00011813349084465446,1.0688642515678903e-05,1.6,1.0,0.8,/group/ctbrowngrp/sourmash-db/gtdb-rs214/gtdb-rs214-k31.zip,"GCF_000007085.1 Caldanaerobacter subterraneus subsp. tengcongensis MB4 strain=MB4, ASM708v1",8c878e0665af587b15f0c779fb88431d,0.034934497816593885,50000,82,1950000,outputs.paper/trim/SRR606249.trim.fq.gz,SRR606249,d3203dba,423250000,31,DNA,10000,42325,True,0.758380000618635,0.8974457594992233,0.8279128800589292,0.8974457594992233,False,8,718480,748458,d__Bacteria;p__Bacillota_A;c__Thermoanaerobacteria;o__Thermoanaerobacterales;f__Thermoanaerobacteraceae;g__Caldanaerobacter;s__Caldanaerobacter subterraneus
50000,0.00011813349084465446,0.012376237623762377,0.00011813349084465446,6.680401572299314e-06,1.0,1.0,0.0,/group/ctbrowngrp/sourmash-db/gtdb-rs214/gtdb-rs214-k31.zip,"GCF_000371765.1 Sphingomonas melonis C3 strain=C3, ASM37176v1",830a405d3548efe03763ece89217263c,0.012376237623762377,50000,83,1900000,outputs.paper/trim/SRR606249.trim.fq.gz,SRR606249,d3203dba,423250000,31,DNA,10000,42325,True,0.7469686173762339,0.8679018243490797,0.8074352208626567,0.8679018243490797,True,5,718485,748458,d__Bacteria;p__Pseudomonadota;c__Alphaproteobacteria;o__Sphingomonadales;f__Sphingomonadaceae;g__Sphingomonas;s__Sphingomonas aquatilis
2100000,0.004961606615475487,0.013774104683195593,0.00011813349084465446,6.680401572299314e-06,1.0,1.0,0.0,/group/ctbrowngrp/sourmash-db/gtdb-rs214/gtdb-rs214-k31.zip,"GCF_000735125.2 Sulfitobacter sp. CB2047 strain=CB2047, ASM73512v2",d1f14000d812dd58fa98f067585bead9,0.5785123966942148,50000,84,1850000,outputs.paper/trim/SRR606249.trim.fq.gz,SRR606249,d3203dba,423250000,31,DNA,10000,42325,True,0.8426849475017779,0.9825002436870636,0.9125925955944207,0.9825002436870636,False,5,718490,748458,d__Bacteria;p__Pseudomonadota;c__Alphaproteobacteria;o__Rhodobacterales;f__Rhodobacteraceae;g__Sulfitobacter;s__Sulfitobacter pontiacus
